Date,Price
04-Jan-10,79.05
05-Jan-10,79.27
06-Jan-10,80.14
07-Jan-10,80.57
08-Jan-10,80.06
11-Jan-10,80.14
12-Jan-10,79.38
13-Jan-10,77.57
14-Jan-10,77.61
15-Jan-10,76.85
19-Jan-10,75.18
20-Jan-10,75.09
21-Jan-10,74.13
22-Jan-10,72.73
25-Jan-10,72.18
26-Jan-10,72.63
27-Jan-10,72.75
28-Jan-10,70.65
29-Jan-10,71.2
01-Feb-10,71.58
02-Feb-10,73.94
03-Feb-10,75.77
04-Feb-10,71.3
05-Feb-10,70.11
08-Feb-10,69.62
09-Feb-10,70.4
10-Feb-10,70.4
11-Feb-10,72.35
12-Feb-10,71.49
16-Feb-10,74.82
17-Feb-10,74.89
18-Feb-10,76.61
19-Feb-10,76.88
22-Feb-10,76.95
23-Feb-10,76.44
24-Feb-10,77
25-Feb-10,74.38
26-Feb-10,76.36
01-Mar-10,76.07
02-Mar-10,77.5
03-Mar-10,78.66
04-Mar-10,77.88
05-Mar-10,79.2
08-Mar-10,78.94
09-Mar-10,78.77
10-Mar-10,80.29
11-Mar-10,79.44
12-Mar-10,79.38
15-Mar-10,77.08
16-Mar-10,79.45
17-Mar-10,80.28
18-Mar-10,80.09
19-Mar-10,78.37
22-Mar-10,78.09
23-Mar-10,79.17
24-Mar-10,78.03
25-Mar-10,78.64
26-Mar-10,77.98
29-Mar-10,79.89
30-Mar-10,79.46
31-Mar-10,80.37
01-Apr-10,82.63
05-Apr-10,84.48
06-Apr-10,85.05
07-Apr-10,84.49
08-Apr-10,82.63
09-Apr-10,82.77
12-Apr-10,85.21
13-Apr-10,83.44
14-Apr-10,85.81
15-Apr-10,86.9
16-Apr-10,84.81
19-Apr-10,83.09
20-Apr-10,84.73
21-Apr-10,84.55
22-Apr-10,84.58
23-Apr-10,86.09
26-Apr-10,86.72
27-Apr-10,85.59
28-Apr-10,84.59
29-Apr-10,86.82
30-Apr-10,86.19
03-May-10,88.09
04-May-10,85.39
05-May-10,82.31
06-May-10,80.21
07-May-10,76.48
10-May-10,78.08
11-May-10,79
12-May-10,78.7
13-May-10,79.41
14-May-10,76.43
17-May-10,73.87
18-May-10,75.12
19-May-10,71.86
20-May-10,69.56
21-May-10,70.45
24-May-10,69.62
25-May-10,67.18
26-May-10,70.59
27-May-10,73.56
28-May-10,73
01-Jun-10,73.08
02-Jun-10,72.78
03-Jun-10,73.12
04-Jun-10,71.84
07-Jun-10,71.09
08-Jun-10,71.43
09-Jun-10,73.68
10-Jun-10,74.33
11-Jun-10,73.28
14-Jun-10,75.11
15-Jun-10,75.29
16-Jun-10,76.12
17-Jun-10,77.52
18-Jun-10,77.05
21-Jun-10,78.53
22-Jun-10,78.08
23-Jun-10,75.22
24-Jun-10,75.17
25-Jun-10,76.21
28-Jun-10,76.66
29-Jun-10,74.21
30-Jun-10,74.94
01-Jul-10,71.73
02-Jul-10,71.75
06-Jul-10,73.08
07-Jul-10,72.97
08-Jul-10,74.56
09-Jul-10,75.2
12-Jul-10,74.35
13-Jul-10,76.45
14-Jul-10,76.63
15-Jul-10,75.52
16-Jul-10,75.55
19-Jul-10,76.29
20-Jul-10,76.31
21-Jul-10,75.75
22-Jul-10,77.59
23-Jul-10,77.27
26-Jul-10,77.9
27-Jul-10,75.52
28-Jul-10,76.66
29-Jul-10,78.6
30-Jul-10,77.5
02-Aug-10,81.93
03-Aug-10,83.6
04-Aug-10,83.76
05-Aug-10,82.9
06-Aug-10,81.28
09-Aug-10,81.54
10-Aug-10,79.89
11-Aug-10,77.83
12-Aug-10,76.63
13-Aug-10,75.14
16-Aug-10,74.56
17-Aug-10,76.74
18-Aug-10,75.1
19-Aug-10,74.84
20-Aug-10,73.48
23-Aug-10,73.08
24-Aug-10,70.61
25-Aug-10,70.74
26-Aug-10,74.5
27-Aug-10,75.16
30-Aug-10,76.05
31-Aug-10,75.51
01-Sep-10,75.53
02-Sep-10,74.93
03-Sep-10,75.03
07-Sep-10,75.78
08-Sep-10,77.48
09-Sep-10,77.87
10-Sep-10,77.54
13-Sep-10,78.52
14-Sep-10,78.89
15-Sep-10,78.46
16-Sep-10,78.89
17-Sep-10,77.43
20-Sep-10,79.42
21-Sep-10,78.76
22-Sep-10,77.29
23-Sep-10,77.69
24-Sep-10,78.73
27-Sep-10,77.71
28-Sep-10,79.14
29-Sep-10,78.79
30-Sep-10,80.77
01-Oct-10,82.69
04-Oct-10,83.42
05-Oct-10,83.35
06-Oct-10,85.01
07-Oct-10,83.67
08-Oct-10,83.88
11-Oct-10,83.08
12-Oct-10,82.99
13-Oct-10,84.01
14-Oct-10,83.55
15-Oct-10,81.94
18-Oct-10,82.3
19-Oct-10,81.12
20-Oct-10,81.68
21-Oct-10,81.28
22-Oct-10,80.75
25-Oct-10,81.91
26-Oct-10,82.62
27-Oct-10,81.27
28-Oct-10,82.97
29-Oct-10,82.47
01-Nov-10,84.06
02-Nov-10,84.71
03-Nov-10,85.33
04-Nov-10,86.83
05-Nov-10,87.05
08-Nov-10,87.15
09-Nov-10,87.93
10-Nov-10,87.92
11-Nov-10,88.08
12-Nov-10,86.07
15-Nov-10,85.49
16-Nov-10,83.98
17-Nov-10,83.36
18-Nov-10,83.7
19-Nov-10,83.17
22-Nov-10,82.34
23-Nov-10,82.37
24-Nov-10,84.53
26-Nov-10,84.78
29-Nov-10,85.9
30-Nov-10,86.02
01-Dec-10,88.56
02-Dec-10,89.37
03-Dec-10,90.65
06-Dec-10,91.25
07-Dec-10,90.78
08-Dec-10,89.74
09-Dec-10,89.93
10-Dec-10,89.54
13-Dec-10,90.4
14-Dec-10,90.63
15-Dec-10,91.33
16-Dec-10,91.09
17-Dec-10,91.11
20-Dec-10,91.31
21-Dec-10,93.11
22-Dec-10,93.55
23-Dec-10,93.63
27-Dec-10,93.08
28-Dec-10,93.52
29-Dec-10,93.52
30-Dec-10,92.5
31-Dec-10,93.23
03-Jan-11,95.82
04-Jan-11,93.52
05-Jan-11,95.07
06-Jan-11,94.95
07-Jan-11,94.25
10-Jan-11,95.05
11-Jan-11,96.8
12-Jan-11,97.86
13-Jan-11,97.86
14-Jan-11,97.86
18-Jan-11,97.83
19-Jan-11,98.42
20-Jan-11,96.27
21-Jan-11,96.84
24-Jan-11,96.76
25-Jan-11,96.76
26-Jan-11,96.04
27-Jan-11,96.48
28-Jan-11,97.06
31-Jan-11,98.97
01-Feb-11,100.4
02-Feb-11,101.3
03-Feb-11,101.69
04-Feb-11,99.43
07-Feb-11,99.44
08-Feb-11,99.25
09-Feb-11,100.16
10-Feb-11,100.74
11-Feb-11,99.93
14-Feb-11,103.12
15-Feb-11,102.48
16-Feb-11,102.78
17-Feb-11,103.45
18-Feb-11,102.2
22-Feb-11,106.82
23-Feb-11,109.77
24-Feb-11,113.91
25-Feb-11,111.47
28-Feb-11,112.27
01-Mar-11,113.34
02-Mar-11,116.89
03-Mar-11,114.42
04-Mar-11,115.71
07-Mar-11,116.58
08-Mar-11,112.32
09-Mar-11,115.19
10-Mar-11,114.07
11-Mar-11,114.07
14-Mar-11,112.95
15-Mar-11,111.11
16-Mar-11,110.96
17-Mar-11,114.18
18-Mar-11,114.13
21-Mar-11,114.92
22-Mar-11,115.63
23-Mar-11,115.65
24-Mar-11,115.41
25-Mar-11,115.45
28-Mar-11,115.95
29-Mar-11,115.58
30-Mar-11,115.35
31-Mar-11,116.94
01-Apr-11,118.63
04-Apr-11,120.07
05-Apr-11,122.87
06-Apr-11,123.01
07-Apr-11,122.9
08-Apr-11,126.3
11-Apr-11,126.46
12-Apr-11,121.33
13-Apr-11,122.7
14-Apr-11,122.74
15-Apr-11,124.63
18-Apr-11,121.69
19-Apr-11,121.35
20-Apr-11,124.26
21-Apr-11,123.64
26-Apr-11,124.55
27-Apr-11,124.94
28-Apr-11,126.59
02-May-11,126.64
03-May-11,124.01
04-May-11,121.55
05-May-11,111.93
06-May-11,113.69
09-May-11,113.21
10-May-11,117.82
11-May-11,115.66
12-May-11,112.87
13-May-11,113.08
16-May-11,113.72
17-May-11,109.39
18-May-11,112.54
19-May-11,113.2
20-May-11,111.25
23-May-11,110.13
24-May-11,112.52
25-May-11,114.47
26-May-11,115.06
27-May-11,114.85
31-May-11,117.18
01-Jun-11,116.15
02-Jun-11,114.3
03-Jun-11,115.09
06-Jun-11,115.4
07-Jun-11,116.14
08-Jun-11,118.43
09-Jun-11,119.95
10-Jun-11,118.71
13-Jun-11,120.49
14-Jun-11,120.35
15-Jun-11,114.67
16-Jun-11,114.69
17-Jun-11,113.74
20-Jun-11,112.21
21-Jun-11,112.02
22-Jun-11,113.59
23-Jun-11,108.27
24-Jun-11,104.79
27-Jun-11,104.57
28-Jun-11,107.57
29-Jun-11,111.49
30-Jun-11,111.71
01-Jul-11,109.82
05-Jul-11,113.21
06-Jul-11,113.55
07-Jul-11,117.4
08-Jul-11,117.4
11-Jul-11,117.35
12-Jul-11,117.36
13-Jul-11,118.46
14-Jul-11,117.38
15-Jul-11,118.06
18-Jul-11,117.05
19-Jul-11,118.18
20-Jul-11,118.52
21-Jul-11,118.25
22-Jul-11,118.99
25-Jul-11,118.27
26-Jul-11,118.14
27-Jul-11,117.99
28-Jul-11,118.16
29-Jul-11,115.93
01-Aug-11,116.37
02-Aug-11,116.02
03-Aug-11,113.74
04-Aug-11,110.22
05-Aug-11,106.92
08-Aug-11,103.06
09-Aug-11,103.63
10-Aug-11,103.84
11-Aug-11,107.82
12-Aug-11,108.17
15-Aug-11,108.89
16-Aug-11,109.69
17-Aug-11,111.37
18-Aug-11,108.36
19-Aug-11,109.37
22-Aug-11,108.83
23-Aug-11,110.35
24-Aug-11,111.91
25-Aug-11,111.91
26-Aug-11,112.29
30-Aug-11,115.59
31-Aug-11,116.48
01-Sep-11,116.43
02-Sep-11,115.92
06-Sep-11,113.29
07-Sep-11,117.5
08-Sep-11,117.99
09-Sep-11,115.1
12-Sep-11,114.75
13-Sep-11,114.08
14-Sep-11,113.1
15-Sep-11,116.71
16-Sep-11,116.26
19-Sep-11,112.89
20-Sep-11,114.39
21-Sep-11,114.26
22-Sep-11,109.21
23-Sep-11,109.17
26-Sep-11,107.9
27-Sep-11,109.54
28-Sep-11,108.52
29-Sep-11,107.08
30-Sep-11,105.42
03-Oct-11,103.61
04-Oct-11,101.84
05-Oct-11,103.77
06-Oct-11,104.38
07-Oct-11,106.56
10-Oct-11,109.49
11-Oct-11,109.22
12-Oct-11,112.44
13-Oct-11,112.45
14-Oct-11,114.33
17-Oct-11,112.92
18-Oct-11,112.08
19-Oct-11,111.76
20-Oct-11,109
21-Oct-11,111.6
24-Oct-11,111.67
25-Oct-11,112.11
26-Oct-11,110.43
27-Oct-11,112.45
28-Oct-11,110.01
31-Oct-11,108.43
01-Nov-11,106.97
02-Nov-11,110.82
03-Nov-11,110.76
04-Nov-11,112.22
07-Nov-11,114.75
08-Nov-11,115.61
09-Nov-11,115.29
10-Nov-11,113.32
11-Nov-11,114.43
14-Nov-11,112.57
15-Nov-11,111.9
16-Nov-11,111.91
17-Nov-11,109.25
18-Nov-11,107.82
21-Nov-11,105.98
22-Nov-11,107.77
23-Nov-11,106.83
25-Nov-11,106.08
28-Nov-11,109.38
29-Nov-11,111.25
30-Nov-11,111.22
01-Dec-11,108.83
02-Dec-11,109.59
05-Dec-11,110.18
06-Dec-11,110.16
07-Dec-11,110.07
08-Dec-11,108.23
09-Dec-11,107.91
12-Dec-11,107.82
13-Dec-11,109.25
14-Dec-11,105.72
15-Dec-11,104.52
16-Dec-11,104
19-Dec-11,104.55
20-Dec-11,107.8
21-Dec-11,108
22-Dec-11,108.98
23-Dec-11,109.28
28-Dec-11,107.54
29-Dec-11,106.89
30-Dec-11,108.09
03-Jan-12,111.12
04-Jan-12,113.37
05-Jan-12,113.59
06-Jan-12,111.96
09-Jan-12,111.07
10-Jan-12,113.3
11-Jan-12,111.66
12-Jan-12,112.97
13-Jan-12,109.88
17-Jan-12,110.55
18-Jan-12,109.81
19-Jan-12,109.54
20-Jan-12,108.5
23-Jan-12,109.46
24-Jan-12,108.38
25-Jan-12,108.48
26-Jan-12,109.08
27-Jan-12,110.5
30-Jan-12,110.24
31-Jan-12,110.26
01-Feb-12,111.96
02-Feb-12,110.96
03-Feb-12,112.56
06-Feb-12,115.47
07-Feb-12,116.86
08-Feb-12,117.18
09-Feb-12,118.4
10-Feb-12,118.13
13-Feb-12,118.73
14-Feb-12,118.3
15-Feb-12,120.25
16-Feb-12,121
17-Feb-12,120.69
21-Feb-12,120.85
22-Feb-12,123.07
23-Feb-12,124.53
24-Feb-12,124.89
27-Feb-12,126.46
28-Feb-12,124.02
29-Feb-12,122.23
01-Mar-12,125.76
02-Mar-12,125.93
05-Mar-12,126.68
06-Mar-12,125.03
07-Mar-12,125.37
08-Mar-12,127.96
09-Mar-12,128.08
12-Mar-12,127.27
13-Mar-12,128.14
14-Mar-12,126.98
15-Mar-12,123.63
16-Mar-12,125.09
19-Mar-12,125.76
20-Mar-12,124.38
21-Mar-12,123.89
22-Mar-12,122.49
23-Mar-12,125.21
26-Mar-12,125.85
27-Mar-12,125.25
28-Mar-12,124.41
29-Mar-12,123.23
30-Mar-12,123.41
02-Apr-12,124.44
04-Apr-12,123.04
05-Apr-12,123.58
10-Apr-12,121.89
11-Apr-12,120.41
12-Apr-12,120.57
13-Apr-12,120.62
16-Apr-12,118.23
17-Apr-12,117.41
18-Apr-12,115.18
19-Apr-12,117
20-Apr-12,118.08
23-Apr-12,116.66
24-Apr-12,117.74
25-Apr-12,117.45
26-Apr-12,119.33
27-Apr-12,119.3
30-Apr-12,118.66
01-May-12,119.57
02-May-12,117.57
03-May-12,115.91
04-May-12,111.66
08-May-12,110.48
09-May-12,111.89
10-May-12,112.24
11-May-12,112.5
14-May-12,110.79
15-May-12,111.4
16-May-12,109.8
17-May-12,109.31
18-May-12,108.03
21-May-12,109.02
22-May-12,109.76
23-May-12,106.88
24-May-12,107.2
25-May-12,107.86
29-May-12,107.55
30-May-12,103.85
31-May-12,103.86
01-Jun-12,98.63
04-Jun-12,97.74
05-Jun-12,98.65
06-Jun-12,101.14
07-Jun-12,100.05
08-Jun-12,97.57
11-Jun-12,98.6
12-Jun-12,96.59
13-Jun-12,97.29
14-Jun-12,96.46
15-Jun-12,97.13
18-Jun-12,95.21
19-Jun-12,95.14
20-Jun-12,93.5
21-Jun-12,89.22
22-Jun-12,89.22
25-Jun-12,88.69
26-Jun-12,90.19
27-Jun-12,92.06
28-Jun-12,91.02
29-Jun-12,94.17
02-Jul-12,95.28
03-Jul-12,99.89
05-Jul-12,101.54
06-Jul-12,98.5
09-Jul-12,99.94
10-Jul-12,99.15
11-Jul-12,99.23
12-Jul-12,99.18
13-Jul-12,101.91
16-Jul-12,102.1
17-Jul-12,104.21
18-Jul-12,105.92
19-Jul-12,107.79
20-Jul-12,106.98
23-Jul-12,103.91
24-Jul-12,103.57
25-Jul-12,102.35
26-Jul-12,104.77
27-Jul-12,106.3
30-Jul-12,106.54
31-Jul-12,105.93
01-Aug-12,106.78
02-Aug-12,107.55
03-Aug-12,109.57
06-Aug-12,110.01
07-Aug-12,112.39
08-Aug-12,113.42
09-Aug-12,113.52
10-Aug-12,113.13
13-Aug-12,114.48
14-Aug-12,113.9
15-Aug-12,115.51
16-Aug-12,116.12
17-Aug-12,115.2
20-Aug-12,115.5
21-Aug-12,116.03
22-Aug-12,115.77
23-Aug-12,117.45
24-Aug-12,115.76
27-Aug-12,113.74
28-Aug-12,112.62
29-Aug-12,112.53
30-Aug-12,112.28
31-Aug-12,113.93
04-Sep-12,114.98
05-Sep-12,113.32
06-Sep-12,114.5
07-Sep-12,113.64
10-Sep-12,113.84
11-Sep-12,114.86
12-Sep-12,114.86
13-Sep-12,116
14-Sep-12,117.48
17-Sep-12,116.7
18-Sep-12,113.29
19-Sep-12,108.49
20-Sep-12,109.41
21-Sep-12,111.27
24-Sep-12,109.2
25-Sep-12,110.77
26-Sep-12,108.99
27-Sep-12,111.45
28-Sep-12,111.36
01-Oct-12,112.58
02-Oct-12,112.49
03-Oct-12,109.32
04-Oct-12,110.48
05-Oct-12,112.17
08-Oct-12,112.6
09-Oct-12,114.32
10-Oct-12,116.11
11-Oct-12,116.18
12-Oct-12,115.17
15-Oct-12,115
16-Oct-12,115
17-Oct-12,113.49
18-Oct-12,112.58
19-Oct-12,111.89
22-Oct-12,109.62
23-Oct-12,107.53
24-Oct-12,107.66
25-Oct-12,107.64
26-Oct-12,108.9
29-Oct-12,109.33
30-Oct-12,109.4
31-Oct-12,109.89
01-Nov-12,108.84
02-Nov-12,106.79
05-Nov-12,105.59
06-Nov-12,109.27
07-Nov-12,108.21
08-Nov-12,107.23
09-Nov-12,108.61
12-Nov-12,110.23
13-Nov-12,108.82
14-Nov-12,109.66
15-Nov-12,110.07
16-Nov-12,106.81
19-Nov-12,110.06
20-Nov-12,110.01
21-Nov-12,110.81
23-Nov-12,110.14
26-Nov-12,110.18
27-Nov-12,109.33
28-Nov-12,108.26
29-Nov-12,110.47
30-Nov-12,110.84
03-Dec-12,111.27
04-Dec-12,109.99
05-Dec-12,108.96
06-Dec-12,108.01
07-Dec-12,107.16
10-Dec-12,108.25
11-Dec-12,107.6
12-Dec-12,110.17
13-Dec-12,110.18
14-Dec-12,109.28
17-Dec-12,109.35
18-Dec-12,109.96
19-Dec-12,109.95
20-Dec-12,110.57
21-Dec-12,109.13
24-Dec-12,108.44
26-Dec-12,110.72
27-Dec-12,110.04
28-Dec-12,110.05
31-Dec-12,110.8
02-Jan-13,112.98
03-Jan-13,113.03
04-Jan-13,112.58
07-Jan-13,112.49
08-Jan-13,113.03
09-Jan-13,113.07
10-Jan-13,112.97
11-Jan-13,110.3
14-Jan-13,111.32
15-Jan-13,111.72
16-Jan-13,110.97
17-Jan-13,111.01
18-Jan-13,111.71
22-Jan-13,112.72
23-Jan-13,113.68
24-Jan-13,114.59
25-Jan-13,113.88
28-Jan-13,113.92
29-Jan-13,115.22
30-Jan-13,115.42
31-Jan-13,115.55
01-Feb-13,115.55
04-Feb-13,116.06
05-Feb-13,117.03
06-Feb-13,116.61
07-Feb-13,117.17
08-Feb-13,118.9
11-Feb-13,118.29
12-Feb-13,117.89
13-Feb-13,118.43
14-Feb-13,118.48
15-Feb-13,117.4
19-Feb-13,117.04
20-Feb-13,116.23
21-Feb-13,114.19
22-Feb-13,113.74
25-Feb-13,114.55
26-Feb-13,112.96
27-Feb-13,112.24
28-Feb-13,112.2
01-Mar-13,110.14
04-Mar-13,109.9
05-Mar-13,110.42
06-Mar-13,110.27
07-Mar-13,110.42
08-Mar-13,108.91
11-Mar-13,108.64
12-Mar-13,108.48
13-Mar-13,107.51
14-Mar-13,108.1
15-Mar-13,109.32
18-Mar-13,108.54
19-Mar-13,106.91
20-Mar-13,108.27
21-Mar-13,106.41
22-Mar-13,106.51
25-Mar-13,106.66
26-Mar-13,107.1
27-Mar-13,108.51
28-Mar-13,108.46
01-Apr-13,108.76
02-Apr-13,109.66
03-Apr-13,107.82
04-Apr-13,105.09
05-Apr-13,103.98
08-Apr-13,103.16
09-Apr-13,104.08
10-Apr-13,104.8
11-Apr-13,103.62
12-Apr-13,100.58
15-Apr-13,99.32
16-Apr-13,97.88
17-Apr-13,96.84
18-Apr-13,97.48
19-Apr-13,98.94
22-Apr-13,99.07
23-Apr-13,99.25
24-Apr-13,100.71
25-Apr-13,101.62
26-Apr-13,102.39
29-Apr-13,102.88
30-Apr-13,101.53
01-May-13,98.34
02-May-13,100.32
03-May-13,104.6
06-May-13,105
07-May-13,105.18
08-May-13,103.79
09-May-13,103.59
10-May-13,101.31
13-May-13,102.17
14-May-13,102.7
15-May-13,101.57
16-May-13,104.27
17-May-13,103.83
20-May-13,104.55
21-May-13,103.1
22-May-13,102.14
23-May-13,100.46
24-May-13,101.24
28-May-13,103.77
29-May-13,102.14
30-May-13,101.79
31-May-13,100.43
03-Jun-13,101.63
04-Jun-13,102.04
05-Jun-13,103.51
06-Jun-13,103.37
07-Jun-13,104.07
10-Jun-13,103.87
11-Jun-13,101.5
12-Jun-13,103.11
13-Jun-13,103.38
14-Jun-13,105.1
17-Jun-13,105.8
18-Jun-13,105.21
19-Jun-13,105.56
20-Jun-13,102.72
21-Jun-13,100.36
24-Jun-13,99.8
25-Jun-13,101.51
26-Jun-13,100.62
27-Jun-13,102.74
28-Jun-13,102.49
01-Jul-13,103.19
02-Jul-13,103.96
03-Jul-13,106.12
05-Jul-13,107.46
08-Jul-13,107.75
09-Jul-13,107.9
10-Jul-13,108.43
11-Jul-13,108.18
12-Jul-13,109.03
15-Jul-13,109.05
16-Jul-13,109.29
17-Jul-13,109.67
18-Jul-13,109.71
19-Jul-13,109.34
22-Jul-13,108.82
23-Jul-13,109.27
24-Jul-13,108.23
25-Jul-13,108.1
26-Jul-13,107.57
29-Jul-13,108.1
30-Jul-13,107.47
31-Jul-13,107.89
01-Aug-13,109.94
02-Aug-13,109.63
05-Aug-13,109.81
06-Aug-13,108.77
07-Aug-13,108.39
08-Aug-13,107.32
09-Aug-13,108.49
12-Aug-13,109.28
13-Aug-13,110.69
14-Aug-13,110.26
15-Aug-13,111.58
16-Aug-13,111.82
19-Aug-13,111.41
20-Aug-13,110.74
21-Aug-13,110.82
22-Aug-13,110.51
23-Aug-13,112.12
26-Aug-13,112.23
27-Aug-13,115.21
28-Aug-13,116.27
29-Aug-13,116.91
30-Aug-13,115.97
03-Sep-13,115.49
04-Sep-13,115.65
05-Sep-13,115.81
06-Sep-13,117.15
09-Sep-13,115.2
10-Sep-13,112.1
11-Sep-13,112.37
12-Sep-13,113.11
13-Sep-13,113.31
16-Sep-13,110.86
17-Sep-13,109.05
18-Sep-13,109.09
19-Sep-13,110.66
20-Sep-13,110.22
23-Sep-13,108.56
24-Sep-13,107.68
25-Sep-13,109.46
26-Sep-13,108.86
27-Sep-13,109.45
30-Sep-13,107.85
01-Oct-13,107.32
02-Oct-13,109.09
03-Oct-13,109.49
04-Oct-13,109.42
07-Oct-13,109.66
08-Oct-13,110.56
09-Oct-13,109.02
10-Oct-13,111.63
11-Oct-13,110.65
14-Oct-13,110.13
15-Oct-13,110.67
16-Oct-13,110.79
17-Oct-13,109.55
18-Oct-13,109.4
21-Oct-13,109.47
22-Oct-13,109.57
23-Oct-13,107.74
24-Oct-13,106.63
25-Oct-13,105.7
28-Oct-13,108.29
29-Oct-13,108.04
30-Oct-13,108.41
31-Oct-13,107.53
01-Nov-13,105.78
04-Nov-13,104.85
05-Nov-13,105.01
06-Nov-13,105.46
07-Nov-13,103.08
08-Nov-13,104.29
11-Nov-13,105.76
12-Nov-13,106.29
13-Nov-13,106.9
14-Nov-13,108.29
15-Nov-13,108.25
18-Nov-13,108.8
19-Nov-13,108.29
20-Nov-13,108.27
21-Nov-13,109.9
22-Nov-13,111.36
25-Nov-13,110.83
26-Nov-13,112.04
27-Nov-13,111.32
29-Nov-13,111.07
02-Dec-13,111.49
03-Dec-13,113.06
04-Dec-13,113.27
05-Dec-13,112.07
06-Dec-13,111.5
09-Dec-13,110.07
10-Dec-13,108.91
11-Dec-13,109.47
12-Dec-13,108.99
13-Dec-13,108.08
16-Dec-13,110.3
17-Dec-13,108.91
18-Dec-13,109.56
19-Dec-13,110.78
20-Dec-13,112.15
23-Dec-13,111.58
24-Dec-13,111.57
26-Dec-13,111.65
27-Dec-13,112.06
30-Dec-13,110.47
31-Dec-13,109.95
02-Jan-14,107.94
03-Jan-14,106.57
06-Jan-14,106.71
07-Jan-14,107.01
08-Jan-14,107.42
09-Jan-14,107.49
10-Jan-14,106.44
13-Jan-14,108.02
14-Jan-14,107.12
15-Jan-14,108.09
16-Jan-14,107.46
17-Jan-14,108.45
20-Jan-14,108.01
21-Jan-14,109.17
22-Jan-14,109.69
23-Jan-14,109.69
24-Jan-14,109.14
27-Jan-14,108.72
28-Jan-14,109.1
29-Jan-14,108.83
30-Jan-14,109.36
31-Jan-14,108.16
03-Feb-14,106.55
04-Feb-14,107.04
05-Feb-14,106.81
06-Feb-14,108.15
07-Feb-14,110.12
10-Feb-14,110.18
11-Feb-14,109.21
12-Feb-14,108.62
13-Feb-14,108.98
14-Feb-14,108.63
18-Feb-14,110.14
19-Feb-14,110.37
20-Feb-14,109.42
21-Feb-14,109.03
24-Feb-14,109.76
25-Feb-14,109.19
26-Feb-14,109.39
27-Feb-14,108.54
28-Feb-14,108.98
03-Mar-14,111.26
04-Mar-14,109.17
05-Mar-14,108.15
06-Mar-14,107.99
07-Mar-14,109.14
10-Mar-14,108.27
11-Mar-14,108.35
12-Mar-14,107.88
13-Mar-14,107.48
14-Mar-14,108.08
17-Mar-14,106.99
18-Mar-14,106.79
19-Mar-14,105.95
20-Mar-14,105.73
21-Mar-14,107.2
24-Mar-14,106.59
25-Mar-14,107.01
26-Mar-14,105.9
27-Mar-14,106.58
28-Mar-14,106.64
31-Mar-14,105.95
01-Apr-14,105.7
02-Apr-14,103.37
03-Apr-14,104.88
04-Apr-14,106.41
07-Apr-14,104.89
08-Apr-14,105.83
09-Apr-14,107.39
10-Apr-14,107.1
11-Apr-14,107.34
14-Apr-14,107.68
15-Apr-14,109.1
16-Apr-14,109.71
17-Apr-14,109.79
21-Apr-14,109.69
22-Apr-14,108.54
23-Apr-14,108.48
24-Apr-14,109.79
25-Apr-14,109.53
28-Apr-14,109.12
29-Apr-14,109.89
30-Apr-14,108.63
01-May-14,108.63
02-May-14,109.48
05-May-14,109.48
06-May-14,108.3
07-May-14,108.17
08-May-14,108.19
09-May-14,108.26
12-May-14,108.37
13-May-14,108.78
14-May-14,109.87
15-May-14,109.74
16-May-14,110.9
19-May-14,110.84
20-May-14,110.35
21-May-14,111.32
22-May-14,110.89
23-May-14,110.19
26-May-14,110.01
27-May-14,109.81
28-May-14,109.09
29-May-14,109.98
30-May-14,109.21
02-Jun-14,109.34
03-Jun-14,108.87
04-Jun-14,109.07
05-Jun-14,108.43
06-Jun-14,109.21
09-Jun-14,110.55
10-Jun-14,109.18
11-Jun-14,109.83
12-Jun-14,112.18
13-Jun-14,113.15
16-Jun-14,113.42
17-Jun-14,114.02
18-Jun-14,114.25
19-Jun-14,115.19
20-Jun-14,114.55
23-Jun-14,113.62
24-Jun-14,113.74
25-Jun-14,112.84
26-Jun-14,112.61
27-Jun-14,112.62
30-Jun-14,111.03
01-Jul-14,110.84
02-Jul-14,110.18
03-Jul-14,108.98
07-Jul-14,108.7
08-Jul-14,107.65
09-Jul-14,106.84
10-Jul-14,106.2
11-Jul-14,105.77
14-Jul-14,104.73
15-Jul-14,104.73
16-Jul-14,105.41
17-Jul-14,106.04
18-Jul-14,106.03
21-Jul-14,105.71
22-Jul-14,106.48
23-Jul-14,106.85
24-Jul-14,105.78
25-Jul-14,106.89
28-Jul-14,106.7
29-Jul-14,106.98
30-Jul-14,106.47
31-Jul-14,104.94
01-Aug-14,103.45
04-Aug-14,103.63
05-Aug-14,102.82
06-Aug-14,104.17
07-Aug-14,104.02
08-Aug-14,103.36
11-Aug-14,103.47
12-Aug-14,101.68
13-Aug-14,102.27
14-Aug-14,101.15
15-Aug-14,101.13
18-Aug-14,99.37
19-Aug-14,99.74
20-Aug-14,99.92
21-Aug-14,100.28
22-Aug-14,100.09
25-Aug-14,100.49
26-Aug-14,100.5
27-Aug-14,100.4
28-Aug-14,100.71
29-Aug-14,101.12
02-Sep-14,100.21
03-Sep-14,100.88
04-Sep-14,101.21
05-Sep-14,99.51
08-Sep-14,99.53
09-Sep-14,98.08
10-Sep-14,96.26
11-Sep-14,96.42
12-Sep-14,96.31
15-Sep-14,96.43
16-Sep-14,97.39
17-Sep-14,97.7
18-Sep-14,96.82
19-Sep-14,96.75
22-Sep-14,95.37
23-Sep-14,94.87
24-Sep-14,94.53
25-Sep-14,95.2
26-Sep-14,95.08
29-Sep-14,95.7
30-Sep-14,94.67
01-Oct-14,94.57
02-Oct-14,91.29
03-Oct-14,90.8
06-Oct-14,90.65
07-Oct-14,90.9
08-Oct-14,90.25
09-Oct-14,90.47
10-Oct-14,88.66
13-Oct-14,87.82
14-Oct-14,86.36
15-Oct-14,84.02
16-Oct-14,84.02
17-Oct-14,85.27
20-Oct-14,84.42
21-Oct-14,85.17
22-Oct-14,86.38
23-Oct-14,85.94
24-Oct-14,86
27-Oct-14,85.64
28-Oct-14,85.57
29-Oct-14,86.91
30-Oct-14,85.5
31-Oct-14,84.17
03-Nov-14,84.9
04-Nov-14,82.12
05-Nov-14,82.88
06-Nov-14,82.08
07-Nov-14,83.2
10-Nov-14,82.9
11-Nov-14,80.94
12-Nov-14,80.42
13-Nov-14,77.74
14-Nov-14,77.51
17-Nov-14,76.86
18-Nov-14,77.23
19-Nov-14,77.21
20-Nov-14,77.61
21-Nov-14,79.2
24-Nov-14,79.62
25-Nov-14,77.62
26-Nov-14,77.39
28-Nov-14,71.89
01-Dec-14,70.87
02-Dec-14,71.13
03-Dec-14,70.13
04-Dec-14,68.48
05-Dec-14,68
08-Dec-14,65.64
09-Dec-14,66.11
10-Dec-14,63.32
11-Dec-14,63.65
12-Dec-14,61.67
15-Dec-14,61.09
16-Dec-14,60.26
17-Dec-14,59.84
18-Dec-14,58.81
19-Dec-14,58.87
22-Dec-14,58.31
23-Dec-14,59.07
24-Dec-14,58.67
26-Dec-14,58.72
29-Dec-14,57.86
30-Dec-14,55.6
31-Dec-14,55.27
02-Jan-15,55.38
05-Jan-15,51.08
06-Jan-15,50.12
07-Jan-15,49.06
08-Jan-15,49.43
09-Jan-15,47.64
12-Jan-15,46.9
13-Jan-15,45.13
14-Jan-15,45.82
15-Jan-15,47.66
16-Jan-15,47.38
20-Jan-15,46.49
21-Jan-15,46.5
22-Jan-15,46.09
23-Jan-15,46.69
26-Jan-15,46.07
27-Jan-15,46.55
28-Jan-15,47.07
29-Jan-15,46.61
30-Jan-15,47.52
02-Feb-15,51.74
03-Feb-15,54.41
04-Feb-15,55.07
05-Feb-15,55.98
06-Feb-15,55.88
09-Feb-15,57
10-Feb-15,55.79
11-Feb-15,53.48
12-Feb-15,56.23
13-Feb-15,60.33
16-Feb-15,61.57
17-Feb-15,60.78
18-Feb-15,60.72
19-Feb-15,58.78
20-Feb-15,60.99
23-Feb-15,59.78
24-Feb-15,60.33
25-Feb-15,59.77
26-Feb-15,61.39
27-Feb-15,61.89
02-Mar-15,60.75
03-Mar-15,61.18
04-Mar-15,59.18
05-Mar-15,60.33
06-Mar-15,59.15
09-Mar-15,58.67
10-Mar-15,55.95
11-Mar-15,56.46
12-Mar-15,56.66
13-Mar-15,54.8
16-Mar-15,52
17-Mar-15,52.17
18-Mar-15,52.59
19-Mar-15,52.96
20-Mar-15,53.88
23-Mar-15,53.82
24-Mar-15,53.61
25-Mar-15,54.18
26-Mar-15,57.02
27-Mar-15,56.44
30-Mar-15,53.99
31-Mar-15,53.69
01-Apr-15,55.73
02-Apr-15,55.73
06-Apr-15,55.73
07-Apr-15,57.55
08-Apr-15,56.42
09-Apr-15,56.04
10-Apr-15,56.82
13-Apr-15,57.14
14-Apr-15,57.69
15-Apr-15,59.32
16-Apr-15,60.13
17-Apr-15,61.31
20-Apr-15,61.2
21-Apr-15,60.12
22-Apr-15,60.12
23-Apr-15,62.66
24-Apr-15,62.96
27-Apr-15,62.86
28-Apr-15,62.61
29-Apr-15,63.97
30-Apr-15,63.9
01-May-15,64.13
04-May-15,64.62
05-May-15,65.44
06-May-15,66.22
07-May-15,64.93
08-May-15,63.82
11-May-15,62.82
12-May-15,65.09
13-May-15,66.33
14-May-15,65.58
15-May-15,64.69
18-May-15,65.15
19-May-15,63.48
20-May-15,63.52
21-May-15,64.7
22-May-15,64.7
26-May-15,61.65
27-May-15,61.35
28-May-15,60.12
29-May-15,63.16
01-Jun-15,62.87
02-Jun-15,63.14
03-Jun-15,62.78
04-Jun-15,60.34
05-Jun-15,60.36
08-Jun-15,61.33
09-Jun-15,63.23
10-Jun-15,64.68
11-Jun-15,63.76
12-Jun-15,63.19
15-Jun-15,60.99
16-Jun-15,60.75
17-Jun-15,60.75
18-Jun-15,61.37
19-Jun-15,59.41
22-Jun-15,60.54
23-Jun-15,61.67
24-Jun-15,61.63
25-Jun-15,60.24
26-Jun-15,60.14
29-Jun-15,59.03
30-Jun-15,60.31
01-Jul-15,61.65
02-Jul-15,61.73
03-Jul-15,59.06
06-Jul-15,57.19
07-Jul-15,54.72
08-Jul-15,55.7
09-Jul-15,57.83
10-Jul-15,57.72
13-Jul-15,57.63
14-Jul-15,57.2
15-Jul-15,57.34
16-Jul-15,57.31
17-Jul-15,56.38
20-Jul-15,56.42
21-Jul-15,55.94
22-Jul-15,56.36
23-Jul-15,55.76
24-Jul-15,54.29
27-Jul-15,54.07
28-Jul-15,54.3
29-Jul-15,54.73
30-Jul-15,54.29
31-Jul-15,53.29
03-Aug-15,49.49
04-Aug-15,49.08
05-Aug-15,49.04
06-Aug-15,47.8
07-Aug-15,47.54
10-Aug-15,48.3
11-Aug-15,47.33
12-Aug-15,48.29
13-Aug-15,48.01
14-Aug-15,47.79
17-Aug-15,47.77
18-Aug-15,47
19-Aug-15,45.75
20-Aug-15,45.63
21-Aug-15,43.84
24-Aug-15,41.59
25-Aug-15,41.86
26-Aug-15,41.76
27-Aug-15,44.46
28-Aug-15,47.97
01-Sep-15,48.8
02-Sep-15,47.67
03-Sep-15,50.41
04-Sep-15,48.59
07-Sep-15,46.42
08-Sep-15,48.88
09-Sep-15,48.04
10-Sep-15,47.77
11-Sep-15,46.87
14-Sep-15,45.87
15-Sep-15,45.91
16-Sep-15,49.35
17-Sep-15,48.27
18-Sep-15,47.28
21-Sep-15,47.64
22-Sep-15,46.69
23-Sep-15,48
24-Sep-15,47.06
25-Sep-15,47.28
28-Sep-15,46.04
29-Sep-15,47.58
30-Sep-15,47.29
01-Oct-15,47.48
02-Oct-15,46.55
05-Oct-15,49.45
06-Oct-15,51.34
07-Oct-15,51.66
08-Oct-15,52.13
09-Oct-15,52.08
12-Oct-15,50.95
13-Oct-15,48.94
14-Oct-15,48.25
15-Oct-15,47.87
16-Oct-15,48.96
19-Oct-15,47.51
20-Oct-15,46.93
21-Oct-15,46.72
22-Oct-15,46.59
23-Oct-15,46.3
26-Oct-15,46.57
27-Oct-15,45.54
28-Oct-15,47.6
29-Oct-15,48.04
30-Oct-15,48
02-Nov-15,47.91
03-Nov-15,48
04-Nov-15,46.96
05-Nov-15,47.19
06-Nov-15,46.09
09-Nov-15,45.38
10-Nov-15,46.44
11-Nov-15,44.98
12-Nov-15,44.98
13-Nov-15,41.98
16-Nov-15,40.28
17-Nov-15,41.28
18-Nov-15,41.45
19-Nov-15,42.22
20-Nov-15,42.49
23-Nov-15,43.7
24-Nov-15,44.38
25-Nov-15,43.56
26-Nov-15,43.55
27-Nov-15,43.07
30-Nov-15,43.73
01-Dec-15,42.97
02-Dec-15,41.92
03-Dec-15,42
04-Dec-15,41.44
07-Dec-15,39.69
08-Dec-15,39.44
09-Dec-15,39.04
10-Dec-15,38.65
11-Dec-15,36.99
14-Dec-15,36.51
15-Dec-15,37.66
16-Dec-15,36.96
17-Dec-15,36.29
18-Dec-15,36.76
21-Dec-15,35.34
22-Dec-15,35.26
23-Dec-15,35.79
24-Dec-15,37.22
28-Dec-15,37.08
29-Dec-15,36.85
30-Dec-15,35.65
31-Dec-15,36.61
04-Jan-16,36.28
05-Jan-16,35.56
06-Jan-16,33.89
07-Jan-16,33.57
08-Jan-16,31.67
11-Jan-16,30.14
12-Jan-16,29.14
13-Jan-16,28.58
14-Jan-16,28.84
15-Jan-16,28.8
18-Jan-16,27.36
19-Jan-16,27.36
20-Jan-16,26.01
21-Jan-16,27.59
22-Jan-16,30.46
25-Jan-16,29.82
26-Jan-16,30.94
27-Jan-16,31.83
28-Jan-16,33.01
29-Jan-16,33.14
01-Feb-16,32.45
02-Feb-16,30.98
03-Feb-16,32.38
04-Feb-16,32.76
05-Feb-16,32.35
08-Feb-16,31.64
09-Feb-16,30.15
10-Feb-16,29.64
11-Feb-16,28.82
12-Feb-16,31.8
16-Feb-16,31.09
17-Feb-16,33.21
18-Feb-16,33.2
19-Feb-16,31.66
22-Feb-16,33.59
23-Feb-16,31.9
24-Feb-16,31.5
25-Feb-16,32.83
26-Feb-16,35.76
29-Feb-16,35.92
01-Mar-16,35.73
02-Mar-16,36.38
03-Mar-16,35.75
04-Mar-16,37.61
07-Mar-16,39.02
08-Mar-16,39.16
09-Mar-16,40.26
10-Mar-16,38.63
11-Mar-16,39.41
14-Mar-16,38.06
15-Mar-16,37.49
16-Mar-16,38.38
17-Mar-16,39.29
18-Mar-16,39.26
21-Mar-16,39.91
22-Mar-16,40.54
23-Mar-16,38.84
24-Mar-16,38.33
28-Mar-16,38.33
29-Mar-16,36.75
30-Mar-16,36.75
31-Mar-16,36.75
01-Apr-16,36.42
04-Apr-16,36.05
05-Apr-16,35.88
06-Apr-16,37.77
07-Apr-16,37.15
08-Apr-16,40.71
11-Apr-16,41.58
12-Apr-16,43.02
13-Apr-16,42.81
14-Apr-16,43.02
15-Apr-16,41.32
18-Apr-16,41.64
19-Apr-16,43.02
20-Apr-16,43.09
21-Apr-16,43.48
22-Apr-16,43.97
25-Apr-16,42.97
26-Apr-16,43.94
27-Apr-16,44.17
28-Apr-16,45.6
29-Apr-16,45.64
02-May-16,45.82
03-May-16,43.09
04-May-16,43.08
05-May-16,44.39
06-May-16,44.6
09-May-16,42.43
10-May-16,44.01
11-May-16,46.08
12-May-16,46.43
13-May-16,47.05
16-May-16,48.49
17-May-16,48.71
18-May-16,48.93
19-May-16,47.01
20-May-16,48.54
23-May-16,47.77
24-May-16,48.42
25-May-16,48.87
26-May-16,49.52
27-May-16,49.09
31-May-16,49.26
01-Jun-16,48.81
02-Jun-16,49.05
03-Jun-16,48.5
06-Jun-16,48.94
07-Jun-16,49.76
08-Jun-16,50.73
09-Jun-16,50.59
10-Jun-16,49.7
13-Jun-16,49.36
14-Jun-16,47.88
15-Jun-16,47.47
16-Jun-16,45.66
17-Jun-16,46.57
20-Jun-16,48.68
21-Jun-16,48.18
22-Jun-16,48.43
23-Jun-16,48.63
24-Jun-16,46.69
27-Jun-16,45.07
28-Jun-16,46.29
29-Jun-16,48.4
30-Jun-16,48.05
01-Jul-16,47.65
04-Jul-16,48.02
05-Jul-16,45.64
06-Jul-16,45.7
07-Jul-16,45.93
08-Jul-16,44.53
11-Jul-16,44.04
12-Jul-16,46.72
13-Jul-16,44.67
14-Jul-16,46.01
15-Jul-16,46.25
18-Jul-16,45.35
19-Jul-16,45.7
20-Jul-16,45.82
21-Jul-16,44.99
22-Jul-16,44.24
25-Jul-16,43.76
26-Jul-16,43.56
27-Jul-16,42.78
28-Jul-16,41.87
29-Jul-16,40.76
01-Aug-16,40.17
02-Aug-16,40
03-Aug-16,40.45
04-Aug-16,41.33
05-Aug-16,42.47
08-Aug-16,43.24
09-Aug-16,43.37
10-Aug-16,42.19
11-Aug-16,44.23
12-Aug-16,45.12
15-Aug-16,47.31
16-Aug-16,48.27
17-Aug-16,48.58
18-Aug-16,49.46
19-Aug-16,49.39
22-Aug-16,48.1
23-Aug-16,48.7
24-Aug-16,47.56
25-Aug-16,49.25
26-Aug-16,49.66
29-Aug-16,49.66
30-Aug-16,47.94
31-Aug-16,47.94
01-Sep-16,45.05
02-Sep-16,45.96
05-Sep-16,46.72
06-Sep-16,46.21
07-Sep-16,47
08-Sep-16,49.23
09-Sep-16,48.37
12-Sep-16,47.82
13-Sep-16,46.48
14-Sep-16,45.65
15-Sep-16,45.83
16-Sep-16,45.26
19-Sep-16,46.04
20-Sep-16,45.24
21-Sep-16,45.99
22-Sep-16,47.21
23-Sep-16,46.71
26-Sep-16,46.61
27-Sep-16,44.95
28-Sep-16,45.49
29-Sep-16,48.43
30-Sep-16,48.24
03-Oct-16,48.61
04-Oct-16,48.81
05-Oct-16,49.57
06-Oct-16,50.14
07-Oct-16,50.49
10-Oct-16,51.54
11-Oct-16,50.48
12-Oct-16,49.53
13-Oct-16,49.29
14-Oct-16,48.87
17-Oct-16,49.31
18-Oct-16,49.81
19-Oct-16,51.85
20-Oct-16,50.42
21-Oct-16,50.28
24-Oct-16,49.8
25-Oct-16,49.08
26-Oct-16,48.98
27-Oct-16,49.13
28-Oct-16,47.78
31-Oct-16,46.2
01-Nov-16,45.77
02-Nov-16,44.26
03-Nov-16,43.84
04-Nov-16,43.06
07-Nov-16,42.83
08-Nov-16,43.47
09-Nov-16,43.88
10-Nov-16,43.67
11-Nov-16,41.61
14-Nov-16,41.83
15-Nov-16,44.15
16-Nov-16,45.07
17-Nov-16,44.57
18-Nov-16,44.41
21-Nov-16,45.96
22-Nov-16,46.1
23-Nov-16,46.54
24-Nov-16,47.54
25-Nov-16,46.32
28-Nov-16,46.64
29-Nov-16,44.68
30-Nov-16,47.95
01-Dec-16,52.28
02-Dec-16,52.35
05-Dec-16,53.3
06-Dec-16,52.31
07-Dec-16,51.9
08-Dec-16,51.6
09-Dec-16,52.19
12-Dec-16,53.99
13-Dec-16,53.28
14-Dec-16,53.15
15-Dec-16,51.72
16-Dec-16,54.15
19-Dec-16,53.53
20-Dec-16,54.56
21-Dec-16,53.01
22-Dec-16,54.04
23-Dec-16,53.93
28-Dec-16,54.95
29-Dec-16,54.97
30-Dec-16,54.96
03-Jan-17,55.05
04-Jan-17,54.57
05-Jan-17,54.99
06-Jan-17,55.9
09-Jan-17,54.39
10-Jan-17,53.2
11-Jan-17,53.61
12-Jan-17,54.51
13-Jan-17,54.37
16-Jan-17,54.3
17-Jan-17,54.68
18-Jan-17,53.77
19-Jan-17,53.18
20-Jan-17,55.04
23-Jan-17,54.8
24-Jan-17,54.7
25-Jan-17,54.34
26-Jan-17,55.89
27-Jan-17,54.8
30-Jan-17,54.77
31-Jan-17,55.25
01-Feb-17,55.79
02-Feb-17,55.94
03-Feb-17,55.92
06-Feb-17,55.02
07-Feb-17,53.79
08-Feb-17,54.42
09-Feb-17,53.98
10-Feb-17,55.2
13-Feb-17,54.15
14-Feb-17,54.96
15-Feb-17,54.57
16-Feb-17,54.16
17-Feb-17,54.48
20-Feb-17,55.25
21-Feb-17,56.34
22-Feb-17,54.9
23-Feb-17,55.82
24-Feb-17,54.69
27-Feb-17,54.65
28-Feb-17,53.36
01-Mar-17,55.72
02-Mar-17,54.16
03-Mar-17,54.12
06-Mar-17,54.73
07-Mar-17,54.61
08-Mar-17,53.3
09-Mar-17,50.65
10-Mar-17,50.63
13-Mar-17,50.1
14-Mar-17,49.6
15-Mar-17,50.63
16-Mar-17,50.56
17-Mar-17,50.58
20-Mar-17,50.67
21-Mar-17,50.14
22-Mar-17,49.56
23-Mar-17,50.17
24-Mar-17,49.97
27-Mar-17,50.12
28-Mar-17,50.72
29-Mar-17,51.36
30-Mar-17,52.25
31-Mar-17,52.2
03-Apr-17,52.04
04-Apr-17,53.08
05-Apr-17,53.41
06-Apr-17,53.62
07-Apr-17,54.24
10-Apr-17,54.79
11-Apr-17,54.73
12-Apr-17,54.75
13-Apr-17,55.05
17-Apr-17,54.79
18-Apr-17,52.6
19-Apr-17,52.43
20-Apr-17,50.66
21-Apr-17,49.93
24-Apr-17,49.45
25-Apr-17,49.37
26-Apr-17,49.99
27-Apr-17,49.46
28-Apr-17,49.46
01-May-17,50.41
02-May-17,49.31
03-May-17,48.82
04-May-17,47.53
05-May-17,47.45
08-May-17,46.61
09-May-17,47.06
10-May-17,48.09
11-May-17,49.18
12-May-17,49.08
15-May-17,51.29
16-May-17,51.21
17-May-17,51.76
18-May-17,51.71
19-May-17,52.78
22-May-17,53.35
23-May-17,53.19
24-May-17,53.29
25-May-17,52.25
26-May-17,50.84
29-May-17,52.25
30-May-17,50.65
31-May-17,49.4
01-Jun-17,50.41
02-Jun-17,48.46
05-Jun-17,48.25
06-Jun-17,48.11
07-Jun-17,47.08
08-Jun-17,46.3
09-Jun-17,46.64
12-Jun-17,47.18
13-Jun-17,46.95
14-Jun-17,45.47
15-Jun-17,45.61
16-Jun-17,45.7
19-Jun-17,45.93
20-Jun-17,43.98
21-Jun-17,44.62
22-Jun-17,44.46
23-Jun-17,44.14
26-Jun-17,44.09
27-Jun-17,46.17
28-Jun-17,46.45
29-Jun-17,47.02
30-Jun-17,47.08
03-Jul-17,49.13
04-Jul-17,49.15
05-Jul-17,47.58
06-Jul-17,48.53
07-Jul-17,46.47
10-Jul-17,46.57
11-Jul-17,46.68
12-Jul-17,46.73
13-Jul-17,47.65
14-Jul-17,47.89
17-Jul-17,47.66
18-Jul-17,47.92
19-Jul-17,48.34
20-Jul-17,48.54
21-Jul-17,47.47
24-Jul-17,47.81
25-Jul-17,49.19
26-Jul-17,50.08
27-Jul-17,50.67
28-Jul-17,52
31-Jul-17,51.99
01-Aug-17,50.77
02-Aug-17,52.09
03-Aug-17,52.88
04-Aug-17,52.48
07-Aug-17,51.42
08-Aug-17,52.18
09-Aug-17,52.16
10-Aug-17,52.59
11-Aug-17,51.47
14-Aug-17,51.29
15-Aug-17,49.9
16-Aug-17,50.39
17-Aug-17,50.37
18-Aug-17,50.96
21-Aug-17,51.94
22-Aug-17,52.29
23-Aug-17,52.31
24-Aug-17,51.73
25-Aug-17,51.87
28-Aug-17,51.87
29-Aug-17,51.64
30-Aug-17,51.91
31-Aug-17,52.69
01-Sep-17,53.15
04-Sep-17,52.6
05-Sep-17,53.63
06-Sep-17,54.48
07-Sep-17,54.16
08-Sep-17,54.55
11-Sep-17,54.2
12-Sep-17,55.06
13-Sep-17,55.52
14-Sep-17,56.76
15-Sep-17,56.18
18-Sep-17,55.5
19-Sep-17,56.58
20-Sep-17,57.2
21-Sep-17,57.73
22-Sep-17,58.16
25-Sep-17,59.42
26-Sep-17,59.77
27-Sep-17,58.74
28-Sep-17,58.8
29-Sep-17,57.02
02-Oct-17,55.67
03-Oct-17,56.12
04-Oct-17,56
05-Oct-17,57.09
06-Oct-17,55.5
09-Oct-17,55.29
10-Oct-17,56.62
11-Oct-17,56.13
12-Oct-17,56.13
13-Oct-17,56.86
16-Oct-17,57.49
17-Oct-17,57.63
18-Oct-17,58.05
19-Oct-17,57.82
20-Oct-17,57.89
23-Oct-17,57.69
24-Oct-17,57.84
25-Oct-17,58.45
26-Oct-17,58.75
27-Oct-17,60.15
30-Oct-17,60.65
31-Oct-17,61.35
01-Nov-17,60.98
02-Nov-17,60.79
03-Nov-17,61.42
06-Nov-17,64.27
07-Nov-17,64.36
08-Nov-17,63.96
09-Nov-17,64.49
10-Nov-17,64.35
13-Nov-17,62.94
14-Nov-17,60.91
15-Nov-17,61.25
16-Nov-17,61.18
17-Nov-17,61.34
20-Nov-17,61.34
21-Nov-17,62.28
22-Nov-17,62.92
23-Nov-17,63.27
24-Nov-17,63.58
27-Nov-17,63.25
28-Nov-17,63.56
29-Nov-17,63.74
30-Nov-17,63.53
01-Dec-17,64.57
04-Dec-17,63.45
05-Dec-17,63.45
06-Dec-17,62.25
07-Dec-17,62.37
08-Dec-17,63.86
11-Dec-17,65.62
12-Dec-17,64.96
13-Dec-17,63.66
14-Dec-17,63.72
15-Dec-17,63.81
18-Dec-17,64.45
19-Dec-17,63.69
20-Dec-17,64.43
21-Dec-17,64.64
22-Dec-17,64.61
27-Dec-17,66.03
28-Dec-17,66.8
29-Dec-17,66.73
02-Jan-18,66.65
03-Jan-18,67.85
04-Jan-18,68.73
05-Jan-18,68.01
08-Jan-18,68.48
09-Jan-18,69.08
10-Jan-18,69.79
11-Jan-18,70.36
12-Jan-18,69.64
15-Jan-18,70.31
16-Jan-18,69.4
17-Jan-18,69.19
18-Jan-18,69.48
19-Jan-18,68.56
22-Jan-18,69.32
23-Jan-18,69.81
24-Jan-18,69.91
25-Jan-18,71.08
26-Jan-18,70.08
29-Jan-18,68.41
30-Jan-18,67.78
31-Jan-18,67.78
01-Feb-18,68.6
02-Feb-18,67.45
05-Feb-18,67.69
06-Feb-18,66.75
07-Feb-18,65.74
08-Feb-18,64.26
09-Feb-18,63.04
12-Feb-18,62.2
13-Feb-18,61.94
14-Feb-18,62.29
15-Feb-18,62.86
16-Feb-18,64.3
19-Feb-18,64.95
20-Feb-18,64.68
21-Feb-18,64.81
22-Feb-18,66.12
23-Feb-18,67.04
26-Feb-18,67.96
27-Feb-18,67.59
28-Feb-18,66.08
01-Mar-18,64.23
02-Mar-18,64.26
05-Mar-18,65.78
06-Mar-18,65.67
07-Mar-18,65.09
08-Mar-18,63.87
09-Mar-18,65.19
12-Mar-18,64.53
13-Mar-18,64.2
14-Mar-18,63.61
15-Mar-18,63.67
16-Mar-18,64.68
19-Mar-18,64.82
20-Mar-18,66
21-Mar-18,68.15
22-Mar-18,68.98
23-Mar-18,69.03
26-Mar-18,68.81
27-Mar-18,68.63
28-Mar-18,68.13
29-Mar-18,69.02
03-Apr-18,69.02
04-Apr-18,66.04
05-Apr-18,66.54
06-Apr-18,66.51
09-Apr-18,68.19
10-Apr-18,70.67
11-Apr-18,72.74
12-Apr-18,71.44
13-Apr-18,73.18
16-Apr-18,72.05
17-Apr-18,71.71
18-Apr-18,73.73
19-Apr-18,74.85
20-Apr-18,74.62
23-Apr-18,74.54
24-Apr-18,75.86
25-Apr-18,73.79
26-Apr-18,75.39
27-Apr-18,75.33
30-Apr-18,75.92
01-May-18,74.85
02-May-18,73.14
03-May-18,73.45
04-May-18,74.75
08-May-18,74.16
09-May-18,77.6
10-May-18,77.59
11-May-18,77.37
14-May-18,78.17
15-May-18,78.94
16-May-18,78.19
17-May-18,80.09
18-May-18,78.38
21-May-18,78.34
22-May-18,80.42
23-May-18,78.69
24-May-18,78.9
25-May-18,76.6
29-May-18,74.51
30-May-18,75.89
31-May-18,76.45
01-Jun-18,74.54
04-Jun-18,73.41
05-Jun-18,72.91
06-Jun-18,73.23
07-Jun-18,75.23
08-Jun-18,75.11
11-Jun-18,74.58
12-Jun-18,74.86
13-Jun-18,75.07
14-Jun-18,74.77
15-Jun-18,72.02
18-Jun-18,74.87
19-Jun-18,74.92
20-Jun-18,74.25
21-Jun-18,72.87
22-Jun-18,73.67
25-Jun-18,72.82
26-Jun-18,73.58
27-Jun-18,76.09
28-Jun-18,76.26
29-Jun-18,77.44
02-Jul-18,76.71
03-Jul-18,75.87
04-Jul-18,76.99
05-Jul-18,77.09
06-Jul-18,74.98
09-Jul-18,77.08
10-Jul-18,77.8
11-Jul-18,75.35
12-Jul-18,72.11
13-Jul-18,74.11
16-Jul-18,71.03
17-Jul-18,70.87
18-Jul-18,70.52
19-Jul-18,71.94
20-Jul-18,71.99
23-Jul-18,73.45
24-Jul-18,73.53
25-Jul-18,73.67
26-Jul-18,74.51
27-Jul-18,74.84
30-Jul-18,74.99
31-Jul-18,74.16
01-Aug-18,72.28
02-Aug-18,72.95
03-Aug-18,72.48
06-Aug-18,72.51
07-Aug-18,72.31
08-Aug-18,70.71
09-Aug-18,70.55
10-Aug-18,71
13-Aug-18,70.62
14-Aug-18,70.77
15-Aug-18,68.38
16-Aug-18,69.21
17-Aug-18,70.14
20-Aug-18,71.11
21-Aug-18,71.65
22-Aug-18,72.96
23-Aug-18,73.73
24-Aug-18,74.41
27-Aug-18,74.41
28-Aug-18,75.91
29-Aug-18,76.07
30-Aug-18,77.05
31-Aug-18,76.94
03-Sep-18,77.81
04-Sep-18,77.51
05-Sep-18,76.68
06-Sep-18,75.67
07-Sep-18,75.55
10-Sep-18,76.77
11-Sep-18,78.22
12-Sep-18,80.02
13-Sep-18,77.66
14-Sep-18,77.87
17-Sep-18,78.22
18-Sep-18,79.25
19-Sep-18,79.43
20-Sep-18,79.03
21-Sep-18,78.9
24-Sep-18,80.89
25-Sep-18,82.21
26-Sep-18,81.87
27-Sep-18,81.54
28-Sep-18,82.72
01-Oct-18,84.94
02-Oct-18,85.63
03-Oct-18,85.45
04-Oct-18,86.07
05-Oct-18,85.12
08-Oct-18,84.22
09-Oct-18,85.16
10-Oct-18,83.82
11-Oct-18,81.35
12-Oct-18,80.71
15-Oct-18,80.91
16-Oct-18,80.53
17-Oct-18,79.91
18-Oct-18,80.3
19-Oct-18,80.38
22-Oct-18,80.45
23-Oct-18,78.67
24-Oct-18,77.34
25-Oct-18,77.3
26-Oct-18,77.4
29-Oct-18,77.56
30-Oct-18,75.68
31-Oct-18,74.84
01-Nov-18,71.25
02-Nov-18,71.11
05-Nov-18,72.68
06-Nov-18,70.64
07-Nov-18,70.1
08-Nov-18,69.29
09-Nov-18,69.01
12-Nov-18,69.81
13-Nov-18,65.45
14-Nov-18,64.88
15-Nov-18,65.61
16-Nov-18,65.29
19-Nov-18,64.14
20-Nov-18,61.5
21-Nov-18,61.65
22-Nov-18,61.11
23-Nov-18,57.69
26-Nov-18,59.7
27-Nov-18,59.58
28-Nov-18,57.97
29-Nov-18,58.29
30-Nov-18,57.71
03-Dec-18,60.17
04-Dec-18,61.22
05-Dec-18,61.4
06-Dec-18,57.83
07-Dec-18,61.71
10-Dec-18,60.29
11-Dec-18,59.73
12-Dec-18,59.94
13-Dec-18,59.03
14-Dec-18,58.56
17-Dec-18,57.59
18-Dec-18,55.26
19-Dec-18,55.6
20-Dec-18,52.84
21-Dec-18,51.93
27-Dec-18,51.49
28-Dec-18,50.57
02-Jan-19,54.06
03-Jan-19,53.23
04-Jan-19,55.64
07-Jan-19,57.1
08-Jan-19,56.91
09-Jan-19,59.46
10-Jan-19,60.47
11-Jan-19,59.24
14-Jan-19,58.8
15-Jan-19,58.65
16-Jan-19,59.81
17-Jan-19,59.85
18-Jan-19,62.04
21-Jan-19,62.18
22-Jan-19,60.9
23-Jan-19,61.05
24-Jan-19,61.09
25-Jan-19,61.49
28-Jan-19,59.71
29-Jan-19,60.98
30-Jan-19,61.89
31-Jan-19,62.46
01-Feb-19,61.86
04-Feb-19,62.26
05-Feb-19,61.67
06-Feb-19,62.22
07-Feb-19,61.01
08-Feb-19,61.37
11-Feb-19,61.3
12-Feb-19,62.58
13-Feb-19,63.27
14-Feb-19,64
15-Feb-19,65.65
18-Feb-19,66.41
19-Feb-19,65.86
20-Feb-19,66.82
21-Feb-19,66.91
22-Feb-19,66.91
25-Feb-19,64.02
26-Feb-19,64.51
27-Feb-19,65.55
28-Feb-19,65.03
01-Mar-19,63.71
04-Mar-19,64.44
05-Mar-19,64.24
06-Mar-19,64.51
07-Mar-19,64.82
08-Mar-19,65.66
11-Mar-19,65.06
12-Mar-19,65.33
13-Mar-19,65.89
14-Mar-19,66.18
15-Mar-19,66.11
18-Mar-19,66.65
19-Mar-19,67.13
20-Mar-19,68.35
21-Mar-19,68.3
22-Mar-19,66.29
25-Mar-19,67.37
26-Mar-19,67.51
27-Mar-19,67.35
28-Mar-19,66.08
29-Mar-19,67.93
01-Apr-19,69.08
02-Apr-19,69.68
03-Apr-19,69.21
04-Apr-19,69.8
05-Apr-19,69.93
08-Apr-19,71.12
09-Apr-19,71.02
10-Apr-19,71.63
11-Apr-19,71.3
12-Apr-19,71.57
15-Apr-19,70.9
16-Apr-19,70.74
17-Apr-19,71.14
18-Apr-19,70.71
22-Apr-19,70.71
23-Apr-19,74.39
24-Apr-19,73.59
25-Apr-19,74.94
26-Apr-19,71.03
29-Apr-19,71.22
30-Apr-19,72.19
01-May-19,72.01
02-May-19,70.56
03-May-19,71.95
06-May-19,71.95
07-May-19,70.98
08-May-19,71.09
09-May-19,70.61
10-May-19,71.63
13-May-19,72.35
14-May-19,72.53
15-May-19,73.09
16-May-19,74.7
17-May-19,73.94
20-May-19,73.21
21-May-19,72.94
22-May-19,71.94
23-May-19,68.37
24-May-19,67.98
28-May-19,70.19
29-May-19,70.64
30-May-19,69.55
31-May-19,66.78
03-Jun-19,63.16
04-Jun-19,63.56
05-Jun-19,62.14
06-Jun-19,62.77
07-Jun-19,64.1
10-Jun-19,64.31
11-Jun-19,63.56
12-Jun-19,61.66
13-Jun-19,63.28
14-Jun-19,63.13
17-Jun-19,62.56
18-Jun-19,63.35
19-Jun-19,62.85
20-Jun-19,65.44
21-Jun-19,65.99
24-Jun-19,65.16
25-Jun-19,66.24
26-Jun-19,66.85
27-Jun-19,66.78
28-Jun-19,67.52
01-Jul-19,65.1
02-Jul-19,62.72
03-Jul-19,63.53
04-Jul-19,63.62
05-Jul-19,64.23
08-Jul-19,64.89
09-Jul-19,64.3
10-Jul-19,66.41
11-Jul-19,67.64
12-Jul-19,66.65
15-Jul-19,66.86
16-Jul-19,65.87
17-Jul-19,63.67
18-Jul-19,60.7
19-Jul-19,61.04
22-Jul-19,61.96
23-Jul-19,62.28
24-Jul-19,63.83
25-Jul-19,63.47
26-Jul-19,62.46
29-Jul-19,62.29
30-Jul-19,62.55
31-Jul-19,64.07
01-Aug-19,62.9
02-Aug-19,61.12
05-Aug-19,59.32
06-Aug-19,58.63
07-Aug-19,55.03
08-Aug-19,56.29
09-Aug-19,57.37
12-Aug-19,57.13
13-Aug-19,59.9
14-Aug-19,57.86
15-Aug-19,57.37
16-Aug-19,59
19-Aug-19,59.79
20-Aug-19,59.03
21-Aug-19,60.6
22-Aug-19,59.81
23-Aug-19,58.64
26-Aug-19,58.64
27-Aug-19,58.44
28-Aug-19,60.42
29-Aug-19,60.59
30-Aug-19,61.04
02-Sep-19,58.55
03-Sep-19,57.93
04-Sep-19,60.68
05-Sep-19,62.7
06-Sep-19,61.28
09-Sep-19,63.99
10-Sep-19,64.67
11-Sep-19,63.02
12-Sep-19,60.76
13-Sep-19,61.25
16-Sep-19,68.42
17-Sep-19,65.59
18-Sep-19,64.29
19-Sep-19,64.25
20-Sep-19,65.23
23-Sep-19,64.66
24-Sep-19,64.13
25-Sep-19,62.41
26-Sep-19,62.08
27-Sep-19,62.48
30-Sep-19,60.99
01-Oct-19,60.06
02-Oct-19,57.92
03-Oct-19,58.01
04-Oct-19,59.13
07-Oct-19,59.46
08-Oct-19,58.14
09-Oct-19,59.7
10-Oct-19,59.08
11-Oct-19,60.59
14-Oct-19,58.81
15-Oct-19,59.19
16-Oct-19,59.3
17-Oct-19,59.35
18-Oct-19,59.96
21-Oct-19,58.95
22-Oct-19,60.5
23-Oct-19,60.52
24-Oct-19,61.71
25-Oct-19,62.06
28-Oct-19,60.39
29-Oct-19,61.05
30-Oct-19,60.22
31-Oct-19,59.3
01-Nov-19,60.17
04-Nov-19,62.52
05-Nov-19,62.72
06-Nov-19,62.11
07-Nov-19,62.6
08-Nov-19,62
11-Nov-19,62.58
12-Nov-19,62.19
13-Nov-19,62.27
14-Nov-19,62.46
15-Nov-19,63.32
18-Nov-19,62.82
19-Nov-19,62.37
20-Nov-19,63.8
21-Nov-19,64.99
22-Nov-19,64.83
25-Nov-19,64.67
26-Nov-19,64.82
27-Nov-19,65.03
28-Nov-19,64.68
29-Nov-19,64.5
02-Dec-19,63.2
03-Dec-19,62.95
04-Dec-19,65.25
05-Dec-19,65.67
06-Dec-19,66.5
09-Dec-19,66.44
10-Dec-19,66.57
11-Dec-19,65.37
12-Dec-19,66.67
13-Dec-19,67.44
16-Dec-19,68.04
17-Dec-19,68.99
18-Dec-19,69.12
19-Dec-19,69.7
20-Dec-19,68.66
23-Dec-19,67.49
24-Dec-19,69.26
25-Dec-19,69.26
26-Dec-19,69.26
27-Dec-19,68.91
30-Dec-19,68.3
31-Dec-19,67.77
01-Jan-20,67.77
02-Jan-20,67.05
03-Jan-20,69.08
06-Jan-20,70.25
07-Jan-20,68.74
08-Jan-20,67.31
09-Jan-20,66.58
10-Jan-20,66.77
13-Jan-20,64.14
14-Jan-20,64.45
15-Jan-20,63.29
16-Jan-20,64.63
17-Jan-20,64.05
20-Jan-20,64.63
21-Jan-20,63.66
22-Jan-20,62.11
23-Jan-20,61.26
24-Jan-20,59.34
27-Jan-20,58.54
28-Jan-20,59.37
29-Jan-20,59.46
30-Jan-20,57.72
31-Jan-20,57.77
03-Feb-20,54
04-Feb-20,53.9
05-Feb-20,55.36
06-Feb-20,55.18
07-Feb-20,54.53
10-Feb-20,53.39
11-Feb-20,54
12-Feb-20,55.54
13-Feb-20,56.34
14-Feb-20,57.37
17-Feb-20,57.83
18-Feb-20,57.35
19-Feb-20,59.72
20-Feb-20,59.72
21-Feb-20,58.6
24-Feb-20,56.04
25-Feb-20,56.71
26-Feb-20,54.96
27-Feb-20,52.19
28-Feb-20,51.31
02-Mar-20,52.52
03-Mar-20,52.24
04-Mar-20,51.86
05-Mar-20,51.29
06-Mar-20,45.6
09-Mar-20,35.33
10-Mar-20,36.66
11-Mar-20,34.45
12-Mar-20,31.05
13-Mar-20,33
16-Mar-20,28.04
17-Mar-20,28.04
18-Mar-20,26.93
19-Mar-20,23.3
20-Mar-20,25.4
23-Mar-20,25.06
24-Mar-20,23.75
25-Mar-20,25.62
26-Mar-20,23.55
27-Mar-20,22.39
30-Mar-20,19.07
31-Mar-20,19.19
01-Apr-20,14.97
02-Apr-20,20.24
03-Apr-20,24.33
06-Apr-20,22.58
07-Apr-20,22.1
08-Apr-20,25.22
09-Apr-20,20.23
14-Apr-20,21.74
15-Apr-20,19.8
16-Apr-20,18.69
17-Apr-20,19.75
20-Apr-20,17.36
21-Apr-20,9.12
"Apr 22, 2020",13.77
"Apr 23, 2020",15.06
"Apr 24, 2020",15.87
"Apr 27, 2020",15.17
"Apr 28, 2020",15.6
"Apr 29, 2020",17.86
"Apr 30, 2020",18.11
"May 01, 2020",18.49
"May 04, 2020",20.4
"May 05, 2020",25.46
"May 06, 2020",24.2
"May 07, 2020",24.23
"May 11, 2020",25.53
"May 12, 2020",26.67
"May 13, 2020",27.89
"May 14, 2020",29.87
"May 15, 2020",30.95
"May 18, 2020",33.3
"May 19, 2020",33.06
"May 20, 2020",34.76
"May 21, 2020",34.78
"May 22, 2020",33.8
"May 26, 2020",33.95
"May 27, 2020",32.73
"May 28, 2020",33.98
"May 29, 2020",34.15
"Jun 01, 2020",36.74
"Jun 02, 2020",37.72
"Jun 03, 2020",37.98
"Jun 04, 2020",38.41
"Jun 05, 2020",41
"Jun 08, 2020",39.66
"Jun 09, 2020",40.45
"Jun 10, 2020",41.18
"Jun 11, 2020",37.76
"Jun 12, 2020",38.54
"Jun 15, 2020",39.44
"Jun 16, 2020",40.75
"Jun 17, 2020",40.47
"Jun 18, 2020",41.75
"Jun 19, 2020",42.33
"Jun 22, 2020",43.2
"Jun 23, 2020",42.72
"Jun 24, 2020",40.4
"Jun 25, 2020",41.18
"Jun 26, 2020",40.97
"Jun 29, 2020",41.58
"Jun 30, 2020",41.64
"Jul 01, 2020",42.18
"Jul 02, 2020",43.19
"Jul 03, 2020",42.92
"Jul 06, 2020",42.73
"Jul 07, 2020",43.28
"Jul 08, 2020",43.67
"Jul 09, 2020",42.35
"Jul 10, 2020",43.27
"Jul 13, 2020",42.85
"Jul 14, 2020",42.97
"Jul 15, 2020",43.96
"Jul 16, 2020",43.71
"Jul 17, 2020",43.53
"Jul 20, 2020",43.3
"Jul 21, 2020",44.31
"Jul 22, 2020",43.98
"Jul 23, 2020",42.96
"Jul 24, 2020",43.29
"Jul 27, 2020",43.39
"Jul 28, 2020",43.11
"Jul 29, 2020",43.51
"Jul 30, 2020",42.98
"Jul 31, 2020",43.13
"Aug 03, 2020",43.76
"Aug 04, 2020",43.99
"Aug 05, 2020",44.92
"Aug 06, 2020",45.04
"Aug 07, 2020",44.07
"Aug 10, 2020",44.19
"Aug 11, 2020",43.68
"Aug 12, 2020",45.09
"Aug 13, 2020",44.87
"Aug 14, 2020",44.86
"Aug 17, 2020",44.91
"Aug 18, 2020",45.34
"Aug 19, 2020",45.21
"Aug 20, 2020",44.56
"Aug 21, 2020",43.94
"Aug 24, 2020",44.43
"Aug 25, 2020",46.01
"Aug 26, 2020",45.79
"Aug 27, 2020",44.84
"Aug 28, 2020",45.22
"Sep 01, 2020",45.72
"Sep 02, 2020",42.7
"Sep 03, 2020",42.72
"Sep 04, 2020",41.1
"Sep 07, 2020",40.67
"Sep 08, 2020",38.53
"Sep 09, 2020",39.98
"Sep 10, 2020",39.27
"Sep 11, 2020",38.8
"Sep 14, 2020",38.57
"Sep 15, 2020",39.54
"Sep 16, 2020",41.23
"Sep 17, 2020",42.35
"Sep 18, 2020",42.16
"Sep 21, 2020",40.37
"Sep 22, 2020",40.84
"Sep 23, 2020",41.09
"Sep 24, 2020",41.24
"Sep 25, 2020",40.91
"Sep 28, 2020",41.59
"Sep 29, 2020",40.33
"Sep 30, 2020",40.3
"Oct 01, 2020",39.75
"Oct 02, 2020",38
"Oct 05, 2020",39.78
"Oct 06, 2020",41.27
"Oct 07, 2020",40.62
"Oct 08, 2020",42
"Oct 09, 2020",41.63
"Oct 12, 2020",40.5
"Oct 13, 2020",41.34
"Oct 14, 2020",41.81
"Oct 15, 2020",41.61
"Oct 16, 2020",41.34
"Oct 19, 2020",41.29
"Oct 20, 2020",41.62
"Oct 21, 2020",40.09
"Oct 22, 2020",41.28
"Oct 23, 2020",40.71
"Oct 26, 2020",39.06
"Oct 27, 2020",39.72
"Oct 28, 2020",37.86
"Oct 29, 2020",36.56
"Oct 30, 2020",36.33
"Nov 02, 2020",37.78
"Nov 03, 2020",38.17
"Nov 04, 2020",39.68
"Nov 05, 2020",39.47
"Nov 06, 2020",38.08
"Nov 09, 2020",40.93
"Nov 10, 2020",42.25
"Nov 11, 2020",42.5
"Nov 12, 2020",42.16
"Nov 13, 2020",41.51
"Nov 16, 2020",42.71
"Nov 17, 2020",42.54
"Nov 18, 2020",42.91
"Nov 19, 2020",43.09
"Nov 20, 2020",43.79
"Nov 23, 2020",45
"Nov 24, 2020",46.63
"Nov 25, 2020",47.3
"Nov 26, 2020",46.32
"Nov 27, 2020",46.88
"Nov 30, 2020",46.84
"Dec 01, 2020",47.03
"Dec 02, 2020",47.8
"Dec 03, 2020",48.37
"Dec 04, 2020",49.1
"Dec 07, 2020",48.63
"Dec 08, 2020",48.84
"Dec 09, 2020",48.81
"Dec 10, 2020",50.33
"Dec 11, 2020",50.01
"Dec 14, 2020",50.27
"Dec 15, 2020",50.77
"Dec 16, 2020",50.83
"Dec 17, 2020",51.2
"Dec 18, 2020",52.17
"Dec 21, 2020",50.61
"Dec 22, 2020",49.88
"Dec 23, 2020",51.05
"Dec 24, 2020",50.88
"Dec 28, 2020",50.88
"Dec 29, 2020",50.44
"Dec 30, 2020",50.74
"Dec 31, 2020",51.22
"Jan 04, 2021",50.37
"Jan 05, 2021",53.16
"Jan 06, 2021",53.8
"Jan 07, 2021",53.7
"Jan 08, 2021",55.51
"Jan 11, 2021",54.84
"Jan 12, 2021",55.98
"Jan 13, 2021",55.52
"Jan 14, 2021",55.76
"Jan 15, 2021",54.8
"Jan 18, 2021",54.21
"Jan 19, 2021",55.38
"Jan 20, 2021",55.66
"Jan 21, 2021",55.68
"Jan 22, 2021",55.22
"Jan 25, 2021",55.44
"Jan 26, 2021",55.26
"Jan 27, 2021",55.07
"Jan 28, 2021",54.87
"Jan 29, 2021",55.25
"Feb 01, 2021",56.42
"Feb 02, 2021",57.62
"Feb 03, 2021",58.61
"Feb 04, 2021",58.98
"Feb 05, 2021",59.48
"Feb 08, 2021",60.17
"Feb 09, 2021",60.74
"Feb 10, 2021",61.17
"Feb 11, 2021",61.09
"Feb 12, 2021",62.47
"Feb 15, 2021",63.58
"Feb 16, 2021",63.96
"Feb 17, 2021",65.02
"Feb 18, 2021",64.09
"Feb 19, 2021",62.84
"Feb 22, 2021",64.73
"Feb 23, 2021",65.16
"Feb 24, 2021",66.85
"Feb 25, 2021",66.69
"Feb 26, 2021",65.86
"Mar 01, 2021",64.56
"Mar 02, 2021",63.17
"Mar 03, 2021",64.7
"Mar 04, 2021",67.32
"Mar 05, 2021",69.95
"Mar 08, 2021",68
"Mar 09, 2021",67.03
"Mar 10, 2021",67.53
"Mar 11, 2021",69.34
"Mar 12, 2021",68.87
"Mar 15, 2021",68.78
"Mar 16, 2021",67.95
"Mar 17, 2021",67.73
"Mar 18, 2021",62.11
"Mar 19, 2021",64
"Mar 22, 2021",63.89
"Mar 23, 2021",59.96
"Mar 24, 2021",63.7
"Mar 25, 2021",61.21
"Mar 26, 2021",63.77
"Mar 29, 2021",64.06
"Mar 30, 2021",63.28
"Mar 31, 2021",63.52
"Apr 01, 2021",63.85
"Apr 06, 2021",61.47
"Apr 07, 2021",61.86
"Apr 08, 2021",62.09
"Apr 09, 2021",61.89
"Apr 12, 2021",62.38
"Apr 13, 2021",62.83
"Apr 14, 2021",66.11
"Apr 15, 2021",66.13
"Apr 16, 2021",65.98
"Apr 19, 2021",66.54
"Apr 20, 2021",65.34
"Apr 21, 2021",64.02
"Apr 22, 2021",65.07
"Apr 23, 2021",65.75
"Apr 26, 2021",65.5
"Apr 27, 2021",66.25
"Apr 28, 2021",67.08
"Apr 29, 2021",68.26
"Apr 30, 2021",67.73
"May 04, 2021",68.91
"May 05, 2021",69.71
"May 06, 2021",68.62
"May 07, 2021",68.73
"May 10, 2021",68.61
"May 11, 2021",68.83
"May 12, 2021",69.62
"May 13, 2021",67.36
"May 14, 2021",69.24
"May 17, 2021",69.62
"May 18, 2021",69.01
"May 19, 2021",66.88
"May 20, 2021",65.18
"May 21, 2021",66.72
"May 24, 2021",68.59
"May 25, 2021",68.8
"May 26, 2021",68.93
"May 27, 2021",69.43
"May 28, 2021",69.36
"Jun 01, 2021",70.03
"Jun 02, 2021",70.6
"Jun 03, 2021",70.71
"Jun 04, 2021",71.3
"Jun 07, 2021",70.89
"Jun 08, 2021",71.39
"Jun 09, 2021",71.31
"Jun 10, 2021",71.65
"Jun 11, 2021",72.05
"Jun 14, 2021",72.27
"Jun 15, 2021",73.38
"Jun 16, 2021",73.88
"Jun 17, 2021",72.92
"Jun 18, 2021",73.1
"Jun 21, 2021",74.49
"Jun 22, 2021",74.92
"Jun 23, 2021",75.22
"Jun 24, 2021",75.95
"Jun 25, 2021",76.45
"Jun 28, 2021",74.78
"Jun 29, 2021",75.38
"Jun 30, 2021",76.94
"Jul 01, 2021",76.69
"Jul 02, 2021",77.51
"Jul 05, 2021",78.34
"Jul 06, 2021",75.81
"Jul 07, 2021",74.31
"Jul 08, 2021",75.07
"Jul 09, 2021",77.14
"Jul 12, 2021",76.77
"Jul 13, 2021",77.5
"Jul 14, 2021",75.74
"Jul 15, 2021",74.53
"Jul 16, 2021",74.46
"Jul 19, 2021",69.33
"Jul 20, 2021",70.03
"Jul 21, 2021",72.54
"Jul 22, 2021",74.25
"Jul 23, 2021",74.86
"Jul 26, 2021",74.79
"Jul 27, 2021",74.87
"Jul 28, 2021",75.09
"Jul 29, 2021",76.3
"Jul 30, 2021",77.72
"Aug 02, 2021",73.91
"Aug 03, 2021",73.24
"Aug 04, 2021",70.99
"Aug 05, 2021",72.14
"Aug 06, 2021",71.02
"Aug 09, 2021",69.65
"Aug 10, 2021",71.14
"Aug 11, 2021",71.99
"Aug 12, 2021",71.79
"Aug 13, 2021",70.9
"Aug 16, 2021",70.07
"Aug 17, 2021",69.4
"Aug 18, 2021",68.61
"Aug 19, 2021",66.8
"Aug 20, 2021",65.51
"Aug 23, 2021",69.07
"Aug 24, 2021",71.21
"Aug 25, 2021",72.12
"Aug 26, 2021",70.42
"Aug 27, 2021",72.26
"Aug 31, 2021",73.45
"Sep 01, 2021",71.99
"Sep 02, 2021",73.56
"Sep 03, 2021",73.07
"Sep 06, 2021",72.43
"Sep 07, 2021",71.52
"Sep 08, 2021",72.36
"Sep 09, 2021",71.32
"Sep 10, 2021",72.44
"Sep 13, 2021",72.97
"Sep 14, 2021",73.05
"Sep 15, 2021",74.84
"Sep 16, 2021",75.14
"Sep 17, 2021",74.64
"Sep 20, 2021",73.59
"Sep 21, 2021",73.65
"Sep 22, 2021",75.5
"Sep 23, 2021",76.44
"Sep 24, 2021",77.42
"Sep 27, 2021",78.85
"Sep 28, 2021",78.3
"Sep 29, 2021",77.86
"Sep 30, 2021",77.81
"Oct 01, 2021",79.4
"Oct 04, 2021",81.44
"Oct 05, 2021",82.72
"Oct 06, 2021",81.39
"Oct 07, 2021",82.34
"Oct 08, 2021",82.17
"Oct 11, 2021",83.75
"Oct 12, 2021",83.53
"Oct 13, 2021",83.53
"Oct 14, 2021",83.86
"Oct 15, 2021",84.67
"Oct 18, 2021",84.13
"Oct 19, 2021",85.02
"Oct 20, 2021",85.76
"Oct 21, 2021",84.58
"Oct 22, 2021",85.43
"Oct 25, 2021",84.85
"Oct 26, 2021",85.11
"Oct 27, 2021",84.12
"Oct 28, 2021",83.4
"Oct 29, 2021",83.1
"Nov 01, 2021",84.51
"Nov 02, 2021",84.42
"Nov 03, 2021",81.1
"Nov 04, 2021",80.15
"Nov 05, 2021",82.43
"Nov 08, 2021",83.22
"Nov 09, 2021",84.52
"Nov 10, 2021",82.91
"Nov 11, 2021",83.4
"Nov 12, 2021",82.9
"Nov 15, 2021",81.94
"Nov 16, 2021",82.85
"Nov 17, 2021",80.67
"Nov 18, 2021",82.45
"Nov 19, 2021",80.24
"Nov 22, 2021",80.97
"Nov 23, 2021",83.43
"Nov 24, 2021",82.37
"Nov 25, 2021",82.05
"Nov 26, 2021",72.37
"Nov 29, 2021",73.34
"Nov 30, 2021",70.86
"Dec 01, 2021",69.53
"Dec 02, 2021",70.56
"Dec 03, 2021",70.71
"Dec 06, 2021",73.38
"Dec 07, 2021",75.54
"Dec 08, 2021",75.94
"Dec 09, 2021",74.1
"Dec 10, 2021",74.98
"Dec 13, 2021",74.12
"Dec 14, 2021",73.37
"Dec 15, 2021",73.71
"Dec 16, 2021",74.64
"Dec 17, 2021",72.97
"Dec 20, 2021",70.51
"Dec 21, 2021",72.85
"Dec 22, 2021",74.69
"Dec 23, 2021",76.26
"Dec 24, 2021",75.24
"Dec 29, 2021",78.63
"Dec 30, 2021",78.61
"Dec 31, 2021",77.24
"Jan 03, 2022",78.25
"Jan 04, 2022",79.39
"Jan 05, 2022",80.6
"Jan 06, 2022",81.99
"Jan 07, 2022",82.28
"Jan 10, 2022",81.56
"Jan 11, 2022",84.98
"Jan 12, 2022",85.83
"Jan 13, 2022",85.8
"Jan 14, 2022",87.17
"Jan 17, 2022",87.82
"Jan 18, 2022",88.83
"Jan 19, 2022",89.64
"Jan 20, 2022",89.75
"Jan 21, 2022",89.75
"Jan 24, 2022",87.74
"Jan 25, 2022",89.49
"Jan 26, 2022",91.22
"Jan 27, 2022",90.7
"Jan 28, 2022",91.47
"Jan 31, 2022",92.35
"Feb 01, 2022",90.24
"Feb 02, 2022",91.43
"Feb 03, 2022",92.99
"Feb 04, 2022",96.86
"Feb 07, 2022",97.28
"Feb 08, 2022",96.07
"Feb 09, 2022",94.95
"Feb 10, 2022",96.37
"Feb 11, 2022",97.5
"Feb 14, 2022",101.66
"Feb 15, 2022",98.43
"Feb 16, 2022",97.44
"Feb 17, 2022",95.28
"Feb 18, 2022",96.18
"Feb 21, 2022",98.95
"Feb 22, 2022",98.73
"Feb 23, 2022",99.29
"Feb 24, 2022",101.29
"Feb 25, 2022",98.56
"Feb 28, 2022",103.08
"Mar 01, 2022",110.93
"Mar 02, 2022",118.94
"Mar 03, 2022",115.36
"Mar 04, 2022",123.86
"Mar 07, 2022",129.02
"Mar 08, 2022",133.18
"Mar 09, 2022",116.58
"Mar 10, 2022",114.54
"Mar 11, 2022",118.11
"Mar 14, 2022",110.39
"Mar 15, 2022",105.14
"Mar 16, 2022",104.61
"Mar 17, 2022",113.5
"Mar 18, 2022",114.32
"Mar 21, 2022",122.29
"Mar 22, 2022",121.53
"Mar 23, 2022",127.52
"Mar 24, 2022",123.98
"Mar 25, 2022",122.67
"Mar 28, 2022",114.5
"Mar 29, 2022",112.79
"Mar 30, 2022",115.59
"Mar 31, 2022",107.29
"Apr 01, 2022",106.13
"Apr 04, 2022",108.15
"Apr 05, 2022",106.6
"Apr 06, 2022",100.81
"Apr 07, 2022",99.83
"Apr 08, 2022",101.26
"Apr 11, 2022",97.92
"Apr 12, 2022",104.42
"Apr 13, 2022",108.49
"Apr 14, 2022",110.83
"Apr 19, 2022",105.49
"Apr 20, 2022",105.05
"Apr 21, 2022",107.2
"Apr 22, 2022",105.15
"Apr 25, 2022",99.27
"Apr 26, 2022",102.89
"Apr 27, 2022",103.3
"Apr 28, 2022",105.78
"Apr 29, 2022",108.36
"May 03, 2022",104.94
"May 04, 2022",110.53
"May 05, 2022",112.11
"May 06, 2022",113.86
"May 09, 2022",106.67
"May 10, 2022",102.61
"May 11, 2022",107.7
"May 12, 2022",108.06
"May 13, 2022",112.12
"May 16, 2022",114.86
"May 17, 2022",112.89
"May 18, 2022",110.04
"May 19, 2022",113.22
"May 20, 2022",113.63
"May 23, 2022",115.13
"May 24, 2022",115.77
"May 25, 2022",116.41
"May 26, 2022",119.81
"May 27, 2022",121.19
"May 30, 2022",123.01
"May 31, 2022",125.53
"Jun 01, 2022",122.2
"Jun 03, 2022",125.68
"Jun 06, 2022",124.99
"Jun 07, 2022",126.89
"Jun 08, 2022",129.2
"Jun 09, 2022",128.47
"Jun 10, 2022",127.44
"Jun 13, 2022",128.44
"Jun 14, 2022",127.02
"Jun 15, 2022",124.96
"Jun 16, 2022",125.78
"Jun 17, 2022",119.22
"Jun 20, 2022",118.25
"Jun 21, 2022",118.51
"Jun 22, 2022",115.54
"Jun 23, 2022",114.5
"Jun 24, 2022",117.36
"Jun 27, 2022",119.69
"Jun 28, 2022",122.21
"Jun 29, 2022",120.8
"Jun 30, 2022",119.78
"Jul 01, 2022",119.21
"Jul 04, 2022",121.8
"Jul 05, 2022",110.49
"Jul 06, 2022",108.54
"Jul 07, 2022",113.4
"Jul 08, 2022",113.95
"Jul 11, 2022",114.85
"Jul 12, 2022",106.98
"Jul 13, 2022",107.17
"Jul 14, 2022",107.74
"Jul 15, 2022",112.26
"Jul 18, 2022",117.27
"Jul 19, 2022",114.96
"Jul 20, 2022",115.86
"Jul 21, 2022",112.81
"Jul 22, 2022",106.77
"Jul 25, 2022",108.23
"Jul 26, 2022",107.32
"Jul 27, 2022",109.64
"Jul 28, 2022",109.68
"Jul 29, 2022",111.51
"Aug 01, 2022",106.09
"Aug 02, 2022",106.51
"Aug 03, 2022",101.82
"Aug 04, 2022",97.99
"Aug 05, 2022",100.31
"Aug 08, 2022",103.46
"Aug 09, 2022",103.81
"Aug 10, 2022",105.06
"Aug 11, 2022",107.19
"Aug 12, 2022",103.7
"Aug 15, 2022",98.25
"Aug 16, 2022",95.36
"Aug 17, 2022",97.22
"Aug 18, 2022",96.35
"Aug 19, 2022",96.45
"Aug 22, 2022",95.06
"Aug 23, 2022",99.49
"Aug 24, 2022",99.87
"Aug 25, 2022",98.81
"Aug 26, 2022",101.13
"Aug 30, 2022",99.34
"Aug 31, 2022",96.55
"Sep 01, 2022",92.24
"Sep 02, 2022",93.09
"Sep 05, 2022",94.22
"Sep 06, 2022",91.43
"Sep 07, 2022",86.83
"Sep 08, 2022",87.99
"Sep 09, 2022",91.68
"Sep 12, 2022",93.45
"Sep 13, 2022",92.04
"Sep 14, 2022",92.83
"Sep 15, 2022",89.28
"Sep 16, 2022",89.43
"Sep 20, 2022",89.62
"Sep 21, 2022",89.86
"Sep 22, 2022",90.4
"Sep 23, 2022",84.29
"Sep 26, 2022",82.55
"Sep 27, 2022",85.97
"Sep 28, 2022",89.55
"Sep 29, 2022",89.41
"Sep 30, 2022",88.9
"Oct 03, 2022",90.68
"Oct 04, 2022",93.74
"Oct 05, 2022",94.35
"Oct 06, 2022",95.65
"Oct 07, 2022",98.88
"Oct 10, 2022",97.13
"Oct 11, 2022",95.17
"Oct 12, 2022",93.44
"Oct 13, 2022",95.16
"Oct 14, 2022",92.22
"Oct 17, 2022",91.04
"Oct 18, 2022",89.46
"Oct 19, 2022",91.34
"Oct 20, 2022",91.52
"Oct 21, 2022",91.82
"Oct 24, 2022",91.57
"Oct 25, 2022",91.76
"Oct 26, 2022",92.93
"Oct 27, 2022",94.17
"Oct 28, 2022",94.64
"Oct 31, 2022",93.3
"Nov 01, 2022",95.12
"Nov 02, 2022",96.07
"Nov 03, 2022",95.29
"Nov 04, 2022",99.53
"Nov 07, 2022",99.87
"Nov 08, 2022",96.85
"Nov 09, 2022",93.05
"Nov 10, 2022",94.25
"Nov 11, 2022",96.37
"Nov 14, 2022",93.59